-- phpMyAdmin SQL Dump
-- version 5.2.1
-- https://www.phpmyadmin.net/
--
-- Host: localhost
-- Creato il: Giu 29, 2023 alle 17:49
-- Versione del server: 8.0.32
-- Versione PHP: 8.2.4

SET SQL_MODE = "NO_AUTO_VALUE_ON_ZERO";
START TRANSACTION;
SET time_zone = "+00:00";


/*!40101 SET @OLD_CHARACTER_SET_CLIENT=@@CHARACTER_SET_CLIENT */;
/*!40101 SET @OLD_CHARACTER_SET_RESULTS=@@CHARACTER_SET_RESULTS */;
/*!40101 SET @OLD_COLLATION_CONNECTION=@@COLLATION_CONNECTION */;
/*!40101 SET NAMES utf8mb4 */;

--
-- Database: `db`
--

-- --------------------------------------------------------

--
-- Struttura della tabella `buyers`
--

CREATE TABLE `buyers` (
  `id` int NOT NULL,
  `email` varchar(500) NOT NULL,
  `name` varchar(255) NOT NULL,
  `address` varchar(500) NOT NULL,
  `password` varchar(255) NOT NULL,
  `status` tinyint(1) NOT NULL,
  `battery_capacity` float NOT NULL,
  `battery_id` int NOT NULL,
  `role` varchar(255) DEFAULT NULL
) ENGINE=InnoDB DEFAULT CHARSET=utf8mb3;

--
-- Dump dei dati per la tabella `buyers`
--

INSERT INTO `buyers` (`id`, `email`, `name`, `address`, `password`, `status`, `battery_capacity`, `battery_id`, `role`) VALUES
(1, 'pirlo@gmail.com', 'Andrea Pirlo', 'Via del Calcio', '$2a$10$6HKRUkI3LVJnWHaIi4g77.YBF2iSKPIj/mdK7n1X3WqDYuSKGAJsG', 1, 1016.22, 0, 'USER'),
(8, 'luca@gmail.com', 'Luca Rossi', 'Via Roma 2', '$2a$10$tznz0g5D2WDS.08ZXh.A4eXK2GpORhNGl.cwifCNx3AscskaqeLO.', 1, 0, 0, 'USER');

-- --------------------------------------------------------

--
-- Struttura della tabella `sellers`
--

CREATE TABLE `sellers` (
  `id` int NOT NULL,
  `email` varchar(255) NOT NULL,
  `name` varchar(500) NOT NULL,
  `address` varchar(1000) NOT NULL,
  `password` varchar(255) NOT NULL,
  `status` tinyint(1) NOT NULL,
  `threshold` int NOT NULL,
  `battery_capacity` float NOT NULL,
  `battery_id` int NOT NULL,
  `role` varchar(255) DEFAULT NULL,
  `panels` int NOT NULL
) ENGINE=InnoDB DEFAULT CHARSET=utf8mb3;

--
-- Dump dei dati per la tabella `sellers`
--

INSERT INTO `sellers` (`id`, `email`, `name`, `address`, `password`, `status`, `threshold`, `battery_capacity`, `battery_id`, `role`, `panels`) VALUES
(1, 'simone@gmail.com', 'Simone Teglia', 'Via Del Serafico', '$2a$10$3BbJCe3kcnTRqQUGLCnjUemJp0BUlgJ5sH77TXotEPeeRJl6IaEo6', 1, 8000, 7999, 4, 'USER', 1),
(2, 'messi@gmail.com', 'Lionel Messi', 'Via Argentina 1', '$2a$10$hoW.0jo2H8Vcy6lxoMNl7OcjDGzlThOUMRHvdozhVYiEZmy9uA5TK', 1, 5000, 4999, 0, 'USER', 1);

-- --------------------------------------------------------

--
-- Struttura della tabella `solarpanel`
--

CREATE TABLE `solarpanel` (
  `id` int NOT NULL,
  `power` int NOT NULL,
  `uid` int NOT NULL
) ENGINE=InnoDB DEFAULT CHARSET=utf8mb3;

-- --------------------------------------------------------

--
-- Struttura della tabella `transaction`
--

CREATE TABLE `transaction` (
  `id` int NOT NULL,
  `timestamp` int NOT NULL,
  `amount` int DEFAULT NULL,
  `price` int DEFAULT NULL,
  `buyerID` int DEFAULT NULL,
  `sellerID` int DEFAULT NULL
) ENGINE=InnoDB DEFAULT CHARSET=utf8mb3;

--
-- Dump dei dati per la tabella `transaction`
--

INSERT INTO `transaction` (`id`, `timestamp`, `amount`, `price`, `buyerID`, `sellerID`) VALUES
(28102, 10, 926, 139, 8, 1),
(28103, 10, 1346, 202, 1, 2),
(28104, 12, 3158, 474, 1, 1),
(28105, 12, 4600, 691, 8, 2),
(28106, 14, 2539, 381, 8, 1),
(28107, 14, 4286, 643, 1, 2),
(28108, 16, 4708, 707, 1, 1),
(28109, 16, 2712, 407, 8, 2),
(28110, 18, 5122, 769, 8, 1),
(28111, 18, 3379, 507, 1, 2),
(28112, 6, 37, 6, 8, 2),
(28113, 7, 3946, 592, 1, 1),
(28152, 2, 99, 15, 1, 1),
(28202, 12, 27, 4, 1, 1),
(28203, 13, 1586, 238, 1, 2),
(28204, 14, 5362, 805, 8, 1),
(28205, 15, 4804, 721, 1, 2),
(28206, 16, 1255, 189, 8, 1),
(28252, 16, 990, 149, 1, 2),
(28253, 5, 155, 24, 1, 2),
(28254, 7, 3934, 591, 1, 1),
(28255, 7, 4587, 689, 8, 2),
(28256, 9, 500, 76, 8, 1),
(28257, 9, 1718, 258, 1, 2),
(28258, 11, 1913, 287, 8, 1),
(28259, 11, 1954, 294, 1, 2),
(28260, 13, 3827, 575, 8, 1),
(28261, 13, 3498, 525, 1, 2),
(28262, 15, 4491, 674, 8, 1),
(28263, 15, 2817, 423, 1, 2),
(28264, 17, 5022, 754, 1, 1),
(28265, 17, 5531, 830, 8, 2),
(28266, 7, 3079, 462, 8, 1),
(28267, 7, 2821, 424, 1, 2),
(28268, 9, 2803, 421, 8, 1),
(28269, 9, 2895, 435, 1, 2),
(28270, 11, 3061, 460, 1, 1),
(28271, 11, 4960, 744, 8, 2),
(28272, 13, 4881, 733, 8, 1),
(28273, 13, 3187, 479, 1, 2),
(28274, 15, 1068, 161, 1, 1),
(28275, 15, 1861, 280, 8, 2),
(28276, 17, 850, 128, 1, 1),
(28277, 17, 1247, 188, 8, 2),
(28278, 7, 2839, 426, 8, 1),
(28279, 7, 2617, 393, 1, 2),
(28280, 9, 2854, 429, 1, 1),
(28281, 9, 2117, 318, 8, 2),
(28282, 13, 897, 135, 1, 1),
(28283, 13, 517, 78, 8, 2),
(28284, 15, 1264, 190, 1, 1),
(28285, 15, 1177, 177, 8, 2),
(28286, 17, 1275, 192, 8, 1),
(28287, 17, 915, 138, 1, 2),
(28288, 8, 1520, 228, 1, 1),
(28289, 8, 918, 138, 8, 2),
(28290, 10, 798, 120, 8, 1),
(28291, 10, 935, 141, 1, 2),
(28292, 18, 1770, 266, 8, 1),
(28293, 18, 1918, 288, 1, 2),
(28294, 6, 222, 34, 8, 2),
(28295, 8, 1196, 180, 8, 1),
(28296, 8, 1084, 163, 1, 2),
(28297, 12, 789, 119, 8, 1),
(28298, 12, 1064, 160, 1, 2),
(28299, 14, 1740, 261, 8, 1),
(28300, 14, 1705, 256, 1, 2),
(28301, 16, 1259, 189, 1, 1),
(28302, 16, 1118, 168, 8, 2),
(28303, 18, 4710, 707, 8, 1),
(28304, 18, 4616, 693, 1, 2),
(28305, 7, 372, 56, 8, 1),
(28306, 7, 954, 144, 1, 2),
(28307, 9, 912, 137, 8, 1),
(28308, 9, 940, 142, 1, 2),
(28309, 11, 4507, 677, 1, 1),
(28310, 11, 4918, 738, 8, 2),
(28311, 14, 4655, 699, 1, 1),
(28312, 14, 5104, 766, 8, 2),
(28313, 9, 1533, 230, 1, 1),
(28314, 9, 841, 127, 8, 2),
(28315, 11, 4440, 667, 1, 1),
(28316, 11, 3377, 507, 8, 2),
(28317, 13, 1705, 256, 8, 1),
(28318, 13, 2000, 301, 1, 2),
(28319, 15, 1498, 225, 1, 1),
(28320, 15, 989, 149, 8, 2),
(28321, 17, 2670, 401, 1, 1),
(28322, 17, 3618, 543, 8, 2),
(28323, 4, 41, 7, 8, 2),
(28324, 5, 23, 4, 1, 1),
(28325, 6, 115, 18, 1, 2),
(28326, 7, 2800, 420, 8, 1),
(28327, 8, 3241, 487, 1, 2),
(28328, 9, 2168, 326, 8, 1),
(28329, 10, 4389, 659, 8, 2),
(28330, 11, 4530, 680, 1, 1),
(28331, 12, 4626, 694, 8, 2),
(28332, 13, 4574, 687, 1, 1),
(28333, 9, 274, 42, 8, 1),
(28334, 9, 1305, 196, 1, 2),
(28335, 13, 4628, 695, 1, 1),
(28336, 13, 2593, 389, 8, 2),
(28337, 7, 1557, 234, 8, 1),
(28338, 7, 1939, 291, 1, 2),
(28339, 9, 1475, 222, 8, 1),
(28340, 9, 579, 87, 1, 2),
(28341, 11, 1324, 199, 1, 1),
(28342, 11, 2029, 305, 8, 2),
(28343, 13, 1350, 203, 8, 1),
(28344, 13, 1986, 298, 1, 2),
(28345, 15, 770, 116, 1, 1),
(28346, 15, 1039, 156, 8, 2),
(28347, 17, 3600, 540, 8, 1),
(28348, 17, 4082, 613, 1, 2),
(28349, 7, 1055, 159, 1, 1),
(28350, 7, 131, 20, 8, 2),
(28351, 9, 1602, 241, 8, 1),
(28352, 9, 1257, 189, 1, 2),
(28353, 11, 5152, 773, 1, 1),
(28354, 11, 3538, 531, 8, 2),
(28355, 13, 1962, 295, 8, 1),
(28356, 13, 1203, 181, 1, 2),
(28357, 15, 4679, 702, 8, 1),
(28358, 15, 2834, 426, 1, 2),
(28359, 17, 4701, 706, 8, 1),
(28360, 17, 4345, 652, 1, 2),
(28361, 8, 882, 133, 8, 1),
(28362, 9, 1284, 193, 8, 2),
(28363, 10, 1413, 212, 1, 1),
(28364, 11, 2466, 370, 1, 2),
(28365, 12, 4897, 735, 8, 1),
(28366, 13, 3992, 599, 1, 2),
(28367, 14, 5282, 793, 8, 1),
(28368, 15, 3862, 580, 1, 2),
(28369, 16, 1007, 152, 8, 1),
(28370, 17, 1228, 185, 8, 2),
(28371, 5, 168, 26, 1, 1),
(28372, 5, 332, 50, 8, 2),
(28373, 7, 862, 130, 8, 1),
(28374, 7, 776, 117, 1, 2),
(28375, 9, 1141, 172, 8, 1),
(28376, 9, 678, 102, 1, 2),
(28377, 11, 1611, 242, 8, 1),
(28378, 11, 1985, 298, 1, 2),
(28379, 7, 3651, 548, 1, 1),
(28380, 7, 3198, 480, 8, 2),
(28381, 9, 643, 97, 1, 1),
(28382, 9, 1133, 171, 8, 2),
(28383, 18, 232, 35, 8, 1),
(28384, 18, 857, 129, 1, 2),
(28385, 6, 147, 23, 1, 1),
(28386, 7, 692, 104, 1, 2),
(28387, 8, 1450, 218, 1, 1),
(28388, 9, 593, 89, 8, 2),
(28389, 10, 4936, 741, 8, 1),
(28390, 11, 2383, 358, 1, 2),
(28391, 14, 992, 149, 8, 1),
(28392, 14, 747, 113, 1, 2),
(28393, 16, 1522, 229, 8, 1),
(28394, 16, 844, 127, 1, 2),
(28395, 18, 1583, 238, 8, 1),
(28396, 18, 1479, 222, 1, 2),
(28397, 7, 2939, 441, 8, 1),
(28398, 7, 1476, 222, 1, 2),
(28399, 9, 4497, 675, 1, 1),
(28400, 9, 4781, 718, 8, 2),
(28401, 12, 986, 148, 8, 1),
(28402, 12, 1368, 206, 1, 2),
(28403, 17, 1251, 188, 1, 1),
(28404, 17, 370, 56, 8, 2),
(28405, 6, 243, 37, 1, 1),
(28406, 6, 71, 11, 8, 2),
(28407, 8, 2930, 440, 1, 1),
(28408, 8, 4433, 665, 8, 2),
(28409, 10, 1847, 278, 8, 1),
(28410, 10, 1226, 184, 1, 2),
(28411, 12, 1479, 222, 8, 1),
(28412, 12, 1153, 173, 1, 2),
(28413, 14, 1057, 159, 8, 1),
(28414, 14, 1418, 213, 1, 2),
(28415, 18, 2799, 420, 1, 1),
(28416, 18, 4302, 646, 8, 2),
(28417, 8, 1372, 206, 1, 1),
(28418, 9, 433, 65, 1, 2),
(28419, 10, 4416, 663, 8, 1),
(28420, 11, 2686, 403, 1, 2),
(28421, 8, 439, 66, 1, 1),
(28422, 9, 1035, 156, 1, 2),
(28423, 10, 1824, 274, 8, 1),
(28424, 11, 1249, 188, 8, 2),
(28425, 14, 633, 95, 8, 1),
(28426, 14, 691, 104, 1, 2),
(28427, 16, 1167, 176, 8, 1),
(28428, 16, 1884, 283, 1, 2),
(28429, 18, 812, 122, 1, 1),
(28430, 18, 1856, 279, 8, 2),
(28431, 10, 1162, 175, 8, 1),
(28432, 11, 2727, 410, 1, 2),
(28433, 12, 2994, 450, 8, 1),
(28434, 13, 2845, 427, 1, 2),
(28435, 14, 1629, 245, 8, 1),
(28436, 15, 1171, 176, 8, 2),
(28437, 16, 4869, 731, 8, 1),
(28438, 17, 3428, 515, 1, 2),
(28439, 18, 5280, 793, 1, 1),
(28440, 7, 525, 79, 1, 1),
(28441, 8, 4637, 696, 8, 2),
(28442, 9, 3151, 473, 1, 1),
(28443, 10, 2618, 393, 8, 2),
(28444, 11, 4915, 738, 8, 1),
(28445, 12, 4811, 722, 1, 2),
(28446, 16, 191, 29, 1, 1),
(28447, 16, 1576, 237, 8, 2),
(28448, 11, 76, 12, 8, 1),
(28449, 11, 248, 38, 1, 2),
(28450, 13, 978, 147, 8, 1),
(28451, 13, 1563, 235, 1, 2),
(28452, 15, 1209, 182, 1, 1),
(28453, 15, 1651, 248, 8, 2),
(28454, 7, 800, 120, 8, 1),
(28455, 7, 276, 42, 1, 2),
(28456, 9, 4871, 731, 1, 1),
(28457, 9, 3598, 540, 8, 2),
(28458, 14, 2748, 413, 1, 1),
(28459, 14, 3538, 531, 8, 2),
(28460, 16, 1926, 289, 8, 1),
(28461, 16, 1263, 190, 1, 2),
(28462, 9, 785, 118, 1, 1),
(28463, 9, 1541, 232, 8, 2),
(28464, 13, 922, 139, 1, 1),
(28465, 13, 388, 59, 8, 2),
(28466, 18, 984, 148, 8, 1),
(28467, 18, 1213, 182, 1, 2),
(28468, 4, 172, 26, 8, 1),
(28469, 5, 468, 71, 8, 2),
(28470, 6, 292, 44, 8, 1),
(28471, 7, 2560, 385, 8, 2),
(28472, 8, 3518, 528, 1, 1),
(28473, 9, 3113, 467, 1, 2),
(28474, 10, 714, 108, 8, 1),
(28475, 11, 1648, 248, 1, 2),
(28476, 12, 4326, 649, 8, 1),
(28477, 13, 2734, 411, 1, 2),
(28478, 14, 5199, 780, 8, 1),
(28479, 15, 4097, 615, 1, 2),
(28480, 16, 3820, 573, 8, 1),
(28481, 17, 1245, 187, 1, 2),
(28482, 18, 1221, 184, 1, 1),
(28483, 7, 3599, 540, 8, 1),
(28484, 7, 2138, 321, 1, 2),
(28485, 11, 1922, 289, 8, 1),
(28486, 11, 1909, 287, 1, 2),
(28487, 13, 1563, 235, 1, 1),
(28488, 13, 1413, 212, 8, 2),
(28489, 15, 3774, 567, 1, 1),
(28490, 15, 3072, 461, 8, 2),
(28491, 17, 1229, 185, 8, 1),
(28492, 17, 1170, 176, 1, 2),
(28493, 8, 563, 85, 8, 1),
(28494, 8, 1092, 164, 1, 2),
(28495, 10, 3389, 509, 1, 1),
(28496, 10, 2988, 449, 8, 2),
(28497, 12, 4465, 670, 1, 1),
(28498, 12, 3505, 526, 8, 2),
(28499, 14, 5029, 755, 8, 1),
(28500, 14, 4584, 688, 1, 2),
(28501, 16, 4756, 714, 1, 1),
(28502, 16, 3393, 509, 8, 2),
(28503, 7, 3590, 539, 8, 1),
(28504, 7, 3385, 508, 1, 2),
(28505, 9, 2142, 322, 8, 1),
(28506, 9, 3130, 470, 1, 2),
(28507, 11, 3598, 540, 1, 1),
(28508, 11, 3635, 546, 8, 2),
(28509, 13, 2877, 432, 1, 1),
(28510, 13, 4426, 664, 8, 2),
(28511, 15, 3675, 552, 1, 1),
(28512, 15, 3178, 477, 8, 2),
(28513, 17, 3303, 496, 1, 1),
(28514, 17, 3158, 474, 8, 2),
(28515, 4, 319, 48, 1, 1),
(28516, 4, 246, 37, 8, 2),
(28517, 6, 87, 13, 8, 1),
(28518, 6, 87, 14, 1, 2),
(28519, 9, 672, 101, 1, 2),
(28520, 10, 1193, 180, 1, 1),
(28521, 11, 1394, 210, 8, 2),
(28522, 12, 1674, 252, 1, 1),
(28523, 13, 1762, 265, 8, 2),
(28524, 14, 1816, 273, 8, 1),
(28525, 15, 1151, 173, 8, 2),
(28526, 16, 1329, 200, 1, 1),
(28527, 17, 1582, 238, 8, 2),
(28528, 18, 852, 128, 8, 1),
(28529, 7, 4247, 637, 8, 1),
(28530, 7, 2566, 385, 1, 2),
(28531, 10, 224, 34, 1, 1),
(28532, 10, 530, 80, 8, 2),
(28533, 12, 1641, 247, 1, 1),
(28534, 12, 1384, 208, 8, 2),
(28535, 14, 4695, 705, 1, 1),
(28536, 14, 2815, 423, 8, 2),
(28537, 16, 4056, 609, 8, 1),
(28538, 16, 4070, 611, 1, 2),
(28539, 5, 197, 30, 8, 2),
(28540, 14, 2879, 432, 1, 1),
(28541, 14, 2297, 345, 8, 2),
(28542, 16, 3695, 555, 8, 1),
(28543, 16, 5426, 814, 1, 2),
(28544, 18, 1614, 243, 8, 1),
(28545, 18, 1017, 153, 1, 2),
(28546, 6, 76, 12, 1, 1),
(28547, 7, 3873, 581, 8, 2),
(28548, 18, 1034, 156, 8, 1),
(28549, 18, 370, 56, 1, 2),
(28550, 6, 15, 3, 1, 1),
(28551, 7, 3895, 585, 8, 2),
(28552, 8, 2847, 428, 1, 1),
(28553, 11, 2273, 341, 1, 1),
(28554, 11, 2470, 371, 1, 2),
(28555, 13, 1497, 225, 8, 1),
(28556, 13, 1220, 183, 1, 2),
(28557, 15, 1708, 257, 1, 1),
(28558, 15, 1046, 157, 8, 2),
(28559, 17, 2607, 392, 1, 1),
(28560, 17, 4434, 666, 8, 2),
(28561, 12, 4004, 601, 8, 1),
(28562, 12, 3401, 511, 1, 2),
(28563, 14, 1053, 158, 1, 1),
(28564, 14, 841, 127, 8, 2),
(28565, 16, 1654, 249, 1, 1),
(28566, 16, 882, 133, 8, 2),
(28567, 18, 5438, 816, 1, 1),
(28568, 18, 2519, 378, 8, 2),
(28569, 7, 3237, 486, 8, 1),
(28570, 7, 1470, 221, 1, 2),
(28571, 9, 4272, 641, 1, 1),
(28572, 9, 3227, 484, 8, 2),
(28573, 11, 2001, 301, 8, 1),
(28574, 11, 1947, 293, 1, 2),
(28575, 13, 1347, 203, 8, 1),
(28576, 13, 1637, 246, 1, 2),
(28577, 17, 932, 140, 8, 1),
(28578, 17, 1205, 181, 1, 2),
(28579, 10, 1095, 165, 8, 1),
(28580, 10, 1381, 208, 1, 2),
(28581, 12, 1133, 170, 1, 1),
(28582, 12, 1605, 241, 8, 2),
(28583, 14, 3400, 510, 8, 1),
(28584, 14, 5120, 768, 1, 2),
(28585, 16, 1312, 197, 8, 1),
(28586, 16, 2035, 306, 1, 2),
(28587, 7, 1660, 250, 8, 1),
(28588, 7, 3275, 492, 1, 2),
(28589, 9, 3935, 591, 1, 1),
(28590, 9, 3400, 510, 8, 2),
(28591, 11, 1427, 214, 1, 1),
(28592, 11, 1928, 290, 8, 2),
(28593, 13, 1030, 155, 1, 1),
(28594, 13, 2071, 311, 8, 2),
(28595, 15, 5375, 807, 8, 1),
(28596, 15, 4265, 640, 1, 2),
(28597, 17, 3628, 545, 8, 1),
(28598, 17, 2477, 372, 1, 2),
(28599, 7, 769, 116, 8, 1),
(28600, 7, 805, 121, 1, 2),
(28601, 14, 3688, 554, 8, 1),
(28602, 14, 3663, 550, 1, 2),
(28603, 18, 454, 69, 8, 1),
(28604, 18, 1180, 177, 1, 2),
(28605, 6, 25, 4, 1, 1),
(28606, 6, 237, 36, 8, 2),
(28607, 12, 3782, 568, 1, 1),
(28608, 12, 1859, 279, 8, 2),
(28609, 14, 1554, 234, 8, 1),
(28610, 14, 863, 130, 1, 2),
(28611, 18, 2199, 330, 1, 1),
(28612, 18, 3858, 579, 8, 2),
(28613, 3, 43, 7, 1, 1),
(28614, 3, 259, 39, 8, 2),
(28615, 5, 395, 60, 8, 1),
(28616, 5, 255, 39, 1, 2),
(28617, 7, 3475, 522, 8, 1),
(28618, 7, 4430, 665, 1, 2),
(28619, 16, 1980, 298, 8, 1),
(28620, 16, 1414, 213, 1, 2),
(28621, 18, 5046, 757, 1, 1),
(28622, 18, 4484, 673, 8, 2),
(28623, 7, 794, 120, 8, 2),
(28624, 8, 4015, 603, 8, 1),
(28625, 9, 4817, 723, 8, 2),
(28626, 10, 4902, 736, 1, 1),
(28627, 11, 2118, 318, 8, 2),
(28628, 12, 1646, 247, 1, 1),
(28629, 13, 1611, 242, 1, 2),
(28630, 14, 1242, 187, 8, 1),
(28631, 15, 1962, 295, 8, 2),
(28632, 16, 3793, 569, 1, 1),
(28633, 17, 3461, 520, 8, 2),
(28634, 18, 1615, 243, 1, 1),
(28635, 7, 547, 83, 8, 1),
(28636, 8, 1631, 245, 8, 2),
(28637, 9, 555, 84, 8, 1),
(28638, 10, 876, 132, 1, 2),
(28639, 11, 1573, 237, 8, 1),
(28640, 12, 968, 146, 8, 2),
(28641, 13, 1921, 289, 8, 1),
(28642, 14, 1484, 223, 1, 2),
(28643, 15, 1721, 259, 8, 1),
(28644, 16, 4656, 699, 8, 2),
(28645, 17, 3345, 502, 1, 1),
(28646, 18, 2510, 377, 1, 2),
(28647, 7, 2172, 326, 8, 1),
(28648, 7, 2628, 395, 1, 2),
(28649, 9, 3582, 538, 1, 1),
(28650, 9, 2713, 408, 8, 2),
(28651, 11, 3035, 456, 8, 1),
(28652, 11, 4622, 694, 1, 2),
(28653, 14, 1365, 205, 1, 1),
(28654, 14, 1241, 187, 8, 2),
(28655, 16, 1100, 165, 1, 1),
(28656, 16, 1419, 213, 8, 2),
(28657, 17, 517, 78, 1, 2),
(28658, 18, 3342, 502, 1, 1),
(28659, 7, 1271, 191, 1, 1),
(28660, 7, 1383, 208, 8, 2),
(28661, 11, 3473, 521, 1, 1),
(28662, 11, 3886, 583, 8, 2),
(28663, 13, 3485, 523, 1, 1),
(28664, 13, 2723, 409, 8, 2),
(28665, 16, 1989, 299, 8, 1),
(28666, 16, 1235, 186, 1, 2),
(28667, 18, 1956, 294, 1, 1),
(28668, 18, 1292, 194, 8, 2),
(28669, 10, 2020, 304, 1, 1),
(28670, 10, 736, 111, 8, 2),
(28671, 14, 1167, 175, 1, 1),
(28672, 14, 1384, 208, 8, 2),
(28673, 16, 4686, 703, 1, 1),
(28674, 16, 4321, 649, 8, 2),
(28675, 18, 2543, 382, 8, 1),
(28676, 18, 2342, 352, 1, 2),
(28677, 7, 3998, 600, 8, 1),
(28678, 7, 3215, 483, 1, 2),
(28679, 9, 4771, 716, 8, 1),
(28680, 9, 3572, 536, 1, 2),
(28681, 14, 1264, 190, 1, 1),
(28682, 14, 1439, 216, 8, 2),
(28683, 7, 1768, 266, 8, 1),
(28684, 7, 2495, 375, 1, 2),
(28685, 9, 1098, 165, 8, 1),
(28686, 9, 1368, 206, 1, 2),
(28687, 11, 1391, 209, 1, 1),
(28688, 11, 1053, 158, 8, 2),
(28689, 13, 1140, 171, 1, 1),
(28690, 13, 1591, 239, 8, 2),
(28691, 15, 3388, 509, 8, 1),
(28692, 15, 3127, 469, 1, 2),
(28693, 17, 3802, 571, 1, 1),
(28694, 17, 3223, 484, 8, 2),
(28695, 4, 500, 75, 8, 1),
(28696, 4, 67, 11, 1, 2),
(28697, 8, 842, 127, 8, 1),
(28698, 8, 918, 138, 1, 2),
(28699, 10, 1773, 266, 8, 1),
(28700, 10, 982, 148, 1, 2),
(28701, 12, 3698, 555, 8, 1),
(28702, 12, 4420, 664, 1, 2),
(28703, 14, 0, 1, 1, 1),
(28704, 14, 1205, 181, 8, 2),
(28705, 16, 970, 146, 1, 1),
(28706, 16, 1003, 151, 8, 2),
(28707, 18, 1256, 189, 1, 1),
(28708, 18, 1055, 159, 8, 2),
(28709, 11, 778, 117, 1, 1),
(28710, 11, 506, 76, 8, 2),
(28711, 13, 946, 142, 1, 1),
(28712, 13, 2066, 310, 8, 2),
(28713, 15, 2054, 309, 8, 1),
(28714, 15, 1052, 158, 1, 2),
(28715, 17, 4638, 696, 8, 1),
(28716, 17, 5123, 769, 1, 2),
(28717, 6, 96, 15, 1, 1),
(28718, 7, 680, 103, 8, 2),
(28719, 8, 1553, 233, 8, 1),
(28720, 9, 1845, 277, 1, 2),
(28721, 10, 4415, 663, 1, 1),
(28722, 11, 2941, 442, 8, 2),
(28723, 12, 783, 118, 1, 1),
(28724, 13, 1442, 217, 1, 2),
(28725, 14, 1753, 263, 1, 1),
(28726, 15, 1167, 176, 1, 2),
(28727, 16, 1628, 245, 1, 1),
(28728, 17, 782, 118, 1, 2),
(28729, 18, 1393, 209, 8, 1),
(28730, 6, 235, 36, 1, 1),
(28731, 7, 2930, 440, 8, 2),
(28732, 8, 4181, 628, 1, 1),
(28733, 9, 3197, 480, 1, 2),
(28734, 10, 3251, 488, 8, 1),
(28735, 11, 4458, 669, 1, 2),
(28736, 12, 5393, 809, 8, 1),
(28737, 13, 950, 143, 1, 2),
(28738, 14, 1371, 206, 1, 1),
(28739, 18, 1100, 165, 1, 1),
(28740, 18, 147, 23, 8, 2),
(28741, 7, 719, 108, 8, 1),
(28742, 7, 1330, 200, 1, 2),
(28743, 9, 2343, 352, 8, 1),
(28744, 9, 4082, 613, 1, 2),
(28745, 15, 3573, 537, 1, 1),
(28746, 15, 3479, 522, 8, 2),
(28747, 17, 2972, 446, 1, 1),
(28748, 17, 3774, 567, 8, 2),
(28749, 17, 798, 120, 1, 1),
(28750, 17, 970, 146, 8, 2),
(28751, 7, 401, 61, 8, 1),
(28752, 8, 4189, 629, 8, 2),
(28753, 9, 3553, 533, 8, 1),
(28754, 10, 4878, 732, 1, 2),
(28755, 14, 2376, 357, 8, 1),
(28756, 14, 3153, 473, 1, 2),
(28757, 16, 4542, 682, 1, 1),
(28758, 16, 4828, 725, 8, 2),
(28759, 10, 1380, 207, 1, 1),
(28760, 10, 1328, 200, 8, 2),
(28761, 12, 5050, 758, 8, 1),
(28762, 12, 5277, 792, 1, 2),
(28763, 7, 2456, 369, 1, 1),
(28764, 7, 3263, 490, 8, 2),
(28765, 16, 1784, 268, 1, 1),
(28766, 16, 1842, 277, 8, 2),
(28767, 18, 1274, 192, 8, 1),
(28768, 18, 1953, 294, 1, 2),
(28769, 13, 1216, 183, 8, 2),
(28770, 14, 1966, 295, 1, 1),
(28771, 15, 3030, 455, 1, 2),
(28772, 16, 5220, 784, 8, 1),
(28773, 17, 2771, 416, 1, 2),
(28774, 18, 2400, 361, 1, 1),
(28775, 7, 523, 79, 8, 1),
(28776, 7, 1434, 216, 1, 2),
(28777, 9, 2351, 353, 1, 1),
(28778, 9, 3392, 509, 8, 2),
(28779, 15, 2140, 321, 8, 1),
(28780, 15, 2318, 348, 1, 2),
(28781, 17, 5211, 782, 1, 1),
(28782, 17, 3421, 514, 8, 2),
(28783, 7, 1632, 245, 1, 1),
(28784, 7, 3397, 510, 8, 2),
(28785, 9, 4478, 672, 8, 1),
(28786, 9, 4650, 698, 1, 2),
(28787, 11, 3346, 502, 8, 1),
(28788, 11, 2743, 412, 1, 2),
(28789, 7, 362, 55, 1, 1),
(28790, 7, 628, 95, 8, 2),
(28791, 18, 833, 125, 8, 1),
(28792, 18, 1150, 173, 1, 2),
(28793, 7, 248, 38, 1, 2),
(28794, 8, 2210, 332, 1, 1),
(28795, 9, 2290, 344, 1, 2),
(28796, 10, 3665, 550, 8, 1),
(28797, 11, 3862, 580, 1, 2),
(28798, 12, 4948, 743, 8, 1),
(28799, 16, 1563, 235, 1, 1),
(28800, 16, 1464, 220, 8, 2),
(28801, 18, 1982, 298, 1, 1),
(28802, 18, 1337, 201, 8, 2),
(28803, 4, 18, 3, 1, 2),
(28804, 5, 126, 19, 1, 1),
(28805, 6, 409, 62, 8, 2),
(28806, 7, 2459, 369, 1, 1),
(28807, 8, 1085, 163, 1, 2),
(28808, 9, 437, 66, 8, 1),
(28809, 10, 719, 108, 1, 2),
(28810, 11, 5080, 763, 8, 1),
(28811, 12, 4761, 715, 1, 2),
(28812, 7, 752, 113, 8, 1),
(28813, 7, 2959, 444, 1, 2),
(28814, 17, 1063, 160, 1, 1),
(28815, 17, 309, 47, 8, 2),
(28816, 7, 3451, 518, 8, 1),
(28817, 7, 4465, 670, 1, 2),
(28818, 9, 2498, 375, 1, 1),
(28819, 9, 4479, 672, 8, 2),
(28820, 11, 1342, 202, 1, 1),
(28821, 11, 1855, 279, 8, 2),
(28822, 14, 5069, 761, 8, 1),
(28823, 14, 2262, 340, 1, 2),
(28824, 16, 1310, 197, 1, 1),
(28825, 16, 2042, 307, 8, 2),
(28826, 18, 1800, 271, 1, 1),
(28827, 18, 1394, 210, 8, 2),
(28828, 13, 1577, 237, 8, 1),
(28829, 13, 2003, 301, 1, 2),
(28830, 15, 5390, 809, 8, 1),
(28831, 15, 2807, 422, 1, 2),
(28832, 17, 4839, 726, 1, 1),
(28833, 17, 4841, 727, 8, 2),
(28834, 6, 210, 32, 8, 2),
(28835, 7, 771, 116, 8, 1),
(28836, 8, 1375, 207, 8, 2),
(28837, 9, 476, 72, 8, 1),
(28838, 10, 1087, 164, 1, 2),
(28839, 11, 1299, 195, 1, 1),
(28840, 12, 4862, 730, 8, 2),
(28841, 13, 4060, 610, 1, 1),
(28842, 14, 4246, 637, 8, 2),
(28843, 15, 1063, 160, 1, 1),
(28844, 16, 1463, 220, 8, 2),
(28845, 17, 1153, 173, 8, 1),
(28846, 18, 1273, 191, 8, 2),
(28847, 7, 354, 54, 8, 1),
(28848, 7, 392, 59, 1, 2),
(28849, 9, 2593, 389, 8, 1),
(28850, 9, 4722, 709, 1, 2),
(28851, 14, 3253, 488, 1, 1),
(28852, 14, 3593, 539, 8, 2),
(28853, 16, 1208, 182, 1, 1),
(28854, 16, 907, 137, 8, 2),
(28855, 18, 1517, 228, 1, 1),
(28856, 18, 1913, 287, 8, 2),
(28857, 7, 2395, 360, 8, 1),
(28858, 7, 2767, 416, 1, 2),
(28859, 11, 1979, 297, 1, 1),
(28860, 11, 1850, 278, 8, 2),
(28861, 13, 4611, 692, 8, 1),
(28862, 13, 4345, 652, 1, 2),
(28863, 15, 2569, 386, 1, 1),
(28864, 15, 3791, 569, 8, 2),
(28865, 17, 3235, 486, 1, 1),
(28866, 17, 2490, 374, 8, 2),
(28867, 5, 17, 3, 1, 1),
(28868, 8, 1287, 194, 8, 1),
(28869, 8, 77, 12, 1, 2),
(28870, 10, 1484, 223, 8, 1),
(28871, 10, 861, 130, 1, 2),
(28872, 12, 2481, 373, 1, 1),
(28873, 12, 3168, 476, 8, 2),
(28874, 14, 792, 119, 1, 1),
(28875, 14, 1224, 184, 8, 2),
(28876, 16, 3222, 484, 8, 1),
(28877, 16, 4842, 727, 1, 2),
(28878, 18, 4539, 681, 8, 1),
(28879, 18, 5409, 812, 1, 2),
(28880, 9, 3, 1, 1, 2),
(28881, 10, 337, 51, 8, 1),
(28882, 11, 1860, 280, 1, 2),
(28883, 12, 4605, 691, 8, 1),
(28884, 13, 5066, 760, 1, 2),
(28885, 14, 4917, 738, 8, 1),
(28886, 15, 4699, 705, 1, 2),
(28887, 16, 4794, 720, 8, 1),
(28888, 17, 1420, 213, 1, 2),
(28889, 18, 2139, 321, 1, 1),
(28890, 7, 1158, 174, 8, 1),
(28891, 7, 2499, 375, 1, 2),
(28892, 9, 1428, 215, 8, 1),
(28893, 9, 1264, 190, 1, 2),
(28894, 11, 1240, 186, 1, 1),
(28895, 11, 1020, 154, 8, 2),
(28896, 14, 2638, 396, 1, 1),
(28897, 14, 4082, 613, 8, 2),
(28898, 16, 3445, 517, 1, 1),
(28899, 16, 4463, 670, 8, 2),
(28900, 18, 2417, 363, 1, 1),
(28901, 18, 5054, 759, 8, 2),
(28902, 8, 2926, 439, 1, 1),
(28903, 8, 2674, 402, 8, 2),
(28904, 10, 2688, 404, 8, 1),
(28905, 10, 3488, 524, 1, 2),
(28906, 12, 3984, 598, 8, 1),
(28907, 12, 3481, 523, 1, 2),
(28908, 14, 4240, 636, 1, 1),
(28909, 14, 2936, 441, 8, 2),
(28910, 9, 2148, 323, 8, 1),
(28911, 9, 2077, 312, 1, 2),
(28912, 11, 4318, 648, 1, 1),
(28913, 11, 5269, 791, 8, 2),
(28914, 13, 3261, 490, 8, 1),
(28915, 13, 2617, 393, 1, 2),
(28916, 15, 3976, 597, 8, 1),
(28917, 15, 3344, 502, 1, 2),
(28918, 17, 1049, 158, 8, 1),
(28919, 17, 1205, 181, 1, 2),
(28920, 7, 377, 57, 1, 1),
(28921, 8, 2082, 313, 8, 2),
(28922, 9, 3638, 546, 1, 1),
(28923, 10, 3478, 522, 8, 2),
(28924, 11, 4803, 721, 1, 1),
(28925, 12, 4030, 605, 8, 2),
(28926, 13, 1075, 162, 1, 1),
(28927, 14, 3788, 569, 8, 2),
(28928, 15, 5102, 766, 1, 1),
(28929, 16, 852, 128, 8, 2),
(28930, 17, 2016, 303, 8, 1),
(28931, 18, 1057, 159, 1, 2),
(28932, 7, 281, 43, 8, 1),
(28933, 7, 973, 146, 1, 2),
(28934, 9, 4486, 673, 1, 1),
(28935, 9, 2997, 450, 8, 2),
(28936, 11, 4185, 628, 1, 1),
(28937, 11, 4729, 710, 8, 2),
(28938, 13, 4001, 601, 1, 1),
(28939, 13, 2936, 441, 8, 2),
(28940, 15, 1617, 243, 8, 1),
(28941, 15, 1275, 192, 1, 2),
(28942, 17, 794, 120, 8, 1),
(28943, 17, 1227, 185, 1, 2),
(28944, 7, 607, 92, 1, 1),
(28945, 7, 3889, 584, 8, 2),
(28946, 9, 3069, 461, 8, 1),
(28947, 9, 4321, 649, 1, 2),
(28948, 11, 1306, 196, 8, 1),
(28949, 11, 1501, 226, 1, 2),
(28950, 13, 4070, 611, 8, 1),
(28951, 13, 3463, 520, 1, 2),
(28952, 15, 4830, 725, 1, 1),
(28953, 15, 4582, 688, 8, 2),
(28954, 7, 3684, 553, 1, 1),
(28955, 7, 3024, 454, 8, 2),
(28956, 9, 3307, 496, 8, 1),
(28957, 9, 3168, 476, 1, 2),
(28958, 11, 5290, 794, 8, 1),
(28959, 11, 5031, 755, 1, 2),
(28960, 13, 3333, 500, 8, 1),
(28961, 13, 3637, 546, 1, 2),
(28962, 15, 5033, 755, 8, 1),
(28963, 15, 4649, 698, 1, 2),
(28964, 17, 3680, 553, 8, 1),
(28965, 17, 3661, 550, 1, 2),
(28966, 7, 2382, 358, 1, 1),
(28967, 7, 4151, 623, 8, 2),
(28968, 12, 1123, 169, 8, 1),
(28969, 13, 1439, 216, 1, 2),
(28970, 17, 665, 100, 1, 1),
(28971, 17, 1270, 191, 8, 2),
(28972, 7, 270, 41, 1, 1),
(28973, 7, 367, 56, 8, 2),
(28974, 9, 1367, 205, 8, 1),
(28975, 9, 830, 125, 1, 2),
(28976, 11, 1283, 193, 1, 1),
(28977, 11, 1244, 187, 8, 2),
(28978, 17, 1087, 163, 1, 1),
(28979, 17, 355, 54, 8, 2),
(28980, 7, 1940, 291, 1, 1),
(28981, 7, 5191, 779, 8, 2),
(28982, 11, 1773, 266, 1, 1),
(28983, 11, 2255, 339, 8, 2),
(28984, 18, 3015, 453, 1, 1),
(28985, 18, 3437, 516, 8, 2),
(28986, 7, 988, 149, 8, 2),
(28987, 8, 1248, 188, 8, 1),
(28988, 9, 691, 104, 1, 2),
(28989, 10, 1030, 155, 8, 1),
(28990, 11, 1654, 249, 8, 2),
(28991, 14, 1488, 224, 8, 1),
(28992, 14, 881, 133, 1, 2),
(28993, 16, 777, 117, 8, 1),
(28994, 16, 910, 137, 1, 2),
(28995, 18, 5144, 772, 8, 1),
(28996, 18, 4448, 668, 1, 2),
(28997, 7, 4209, 632, 8, 1),
(28998, 7, 3836, 576, 1, 2),
(28999, 9, 4433, 665, 1, 1),
(29000, 9, 3509, 527, 8, 2),
(29001, 11, 3600, 540, 1, 1),
(29002, 11, 2907, 437, 8, 2),
(29003, 13, 5326, 799, 8, 1),
(29004, 13, 4493, 674, 1, 2),
(29005, 18, 216, 33, 1, 1),
(29006, 18, 1367, 206, 8, 2),
(29007, 7, 1429, 215, 1, 1),
(29008, 7, 769, 116, 8, 2),
(29009, 9, 424, 64, 1, 1),
(29010, 9, 1010, 152, 8, 2),
(29011, 13, 3025, 454, 8, 1),
(29012, 13, 2999, 450, 1, 2),
(29013, 8, 585, 88, 8, 1),
(29014, 8, 430, 65, 1, 2),
(29015, 10, 993, 150, 1, 1),
(29016, 10, 1260, 190, 8, 2),
(29017, 14, 3942, 592, 1, 1),
(29018, 14, 4752, 713, 8, 2),
(29019, 7, 749, 113, 8, 1),
(29020, 7, 363, 55, 1, 2),
(29021, 9, 604, 91, 1, 1),
(29022, 9, 297, 45, 8, 2),
(29023, 14, 3492, 524, 8, 1),
(29024, 14, 2064, 310, 1, 2),
(29025, 16, 5222, 784, 1, 1),
(29026, 16, 4670, 701, 8, 2),
(29027, 7, 1636, 246, 8, 1),
(29028, 7, 1196, 180, 1, 2),
(29029, 9, 380, 57, 1, 1),
(29030, 9, 1232, 185, 8, 2),
(29031, 11, 1036, 156, 1, 1),
(29032, 11, 1492, 224, 8, 2),
(29033, 17, 744, 112, 1, 1),
(29034, 17, 595, 90, 8, 2),
(29035, 9, 279, 42, 1, 2),
(29036, 10, 828, 125, 1, 1),
(29037, 11, 4821, 724, 1, 2),
(29038, 12, 4140, 621, 8, 1),
(29039, 13, 1667, 251, 1, 2),
(29040, 14, 1290, 194, 8, 1),
(29041, 15, 1458, 219, 8, 2),
(29042, 16, 1161, 175, 8, 1),
(29043, 7, 1819, 273, 8, 1),
(29044, 7, 2338, 351, 1, 2),
(29045, 9, 3563, 535, 8, 1),
(29046, 9, 2692, 404, 1, 2),
(29047, 11, 2074, 312, 1, 1),
(29048, 11, 1110, 167, 8, 2),
(29049, 13, 921, 139, 8, 1),
(29050, 13, 893, 134, 1, 2),
(29051, 15, 5205, 781, 1, 1),
(29052, 15, 2854, 429, 8, 2),
(29053, 17, 880, 132, 8, 1),
(29054, 17, 1689, 254, 1, 2),
(29055, 7, 4237, 636, 8, 1),
(29056, 7, 1310, 197, 1, 2),
(29057, 13, 351, 53, 1, 2),
(29058, 14, 1493, 224, 8, 1),
(29059, 15, 1658, 249, 8, 2),
(29060, 16, 1651, 248, 1, 1),
(29061, 7, 109, 17, 8, 1),
(29062, 11, 869, 131, 1, 1),
(29063, 11, 475, 72, 8, 2),
(29064, 13, 4253, 639, 8, 1),
(29065, 13, 4485, 673, 1, 2),
(29066, 15, 4182, 628, 1, 1),
(29067, 15, 3184, 478, 8, 2),
(29068, 17, 3773, 566, 1, 1),
(29069, 17, 3913, 587, 8, 2),
(29070, 5, 256, 39, 1, 2),
(29071, 7, 1389, 209, 8, 1),
(29072, 7, 967, 145, 1, 2),
(29073, 9, 1285, 193, 8, 1),
(29074, 9, 1159, 174, 1, 2),
(29075, 11, 1630, 245, 8, 1),
(29076, 11, 1703, 256, 1, 2),
(29077, 17, 4087, 614, 1, 1),
(29078, 17, 1806, 271, 8, 2),
(29079, 7, 1030, 155, 8, 1),
(29080, 7, 379, 57, 1, 2),
(29081, 10, 3545, 532, 1, 1),
(29082, 10, 1609, 242, 8, 2),
(29083, 12, 3307, 496, 8, 1),
(29084, 12, 2930, 440, 1, 2),
(29085, 14, 2645, 397, 1, 1),
(29086, 14, 2396, 360, 8, 2),
(29087, 16, 1535, 231, 8, 1),
(29088, 16, 1613, 242, 1, 2),
(29089, 18, 948, 143, 1, 1),
(29090, 18, 1516, 228, 8, 2),
(29091, 8, 1977, 297, 1, 1),
(29092, 8, 1863, 280, 8, 2),
(29093, 15, 1761, 265, 1, 1),
(29094, 15, 3737, 561, 8, 2),
(29095, 17, 3588, 539, 1, 1),
(29096, 17, 2582, 388, 8, 2),
(29097, 10, 1101, 166, 8, 1),
(29098, 10, 954, 144, 1, 2),
(29099, 13, 3867, 581, 1, 1),
(29100, 13, 3184, 478, 8, 2),
(29101, 15, 1545, 232, 8, 1),
(29102, 15, 1740, 261, 1, 2),
(29103, 17, 1649, 248, 8, 1),
(29104, 17, 1177, 177, 1, 2),
(29105, 7, 2145, 322, 1, 1),
(29106, 7, 1483, 223, 8, 2),
(29107, 9, 2309, 347, 8, 1),
(29108, 9, 2040, 307, 1, 2),
(29109, 12, 4007, 602, 1, 1),
(29110, 12, 3182, 478, 8, 2),
(29111, 14, 4447, 667, 8, 1),
(29112, 14, 3671, 551, 1, 2),
(29113, 17, 1423, 214, 8, 1),
(29114, 17, 1395, 210, 1, 2),
(29115, 7, 491, 74, 8, 1),
(29116, 8, 1838, 276, 1, 2),
(29117, 9, 1136, 171, 8, 1),
(29118, 15, 2453, 368, 8, 1),
(29119, 15, 3090, 464, 1, 2),
(29120, 17, 3751, 563, 8, 1),
(29121, 17, 3439, 516, 1, 2),
(29122, 7, 3899, 585, 1, 1),
(29123, 7, 3921, 589, 8, 2),
(29124, 11, 3974, 597, 1, 1),
(29125, 11, 2627, 395, 8, 2),
(29126, 13, 928, 140, 1, 1),
(29127, 13, 2033, 305, 8, 2),
(29128, 15, 955, 144, 8, 1),
(29129, 15, 924, 139, 1, 2),
(29130, 7, 860, 129, 8, 1),
(29131, 7, 2838, 426, 1, 2),
(29132, 9, 4367, 656, 8, 1),
(29133, 9, 2538, 381, 1, 2),
(29134, 11, 1533, 230, 1, 1),
(29135, 11, 1468, 221, 8, 2),
(29136, 13, 3108, 467, 1, 1),
(29137, 13, 2546, 382, 8, 2),
(29138, 15, 4717, 708, 1, 1),
(29139, 15, 3194, 480, 8, 2),
(29140, 17, 3041, 457, 1, 1),
(29141, 17, 2973, 446, 8, 2),
(29142, 8, 451, 68, 1, 1),
(29143, 8, 72, 11, 8, 2),
(29144, 18, 2215, 333, 1, 1),
(29145, 18, 1256, 189, 8, 2),
(29146, 3, 15, 3, 1, 2),
(29147, 4, 231, 35, 1, 1),
(29148, 5, 341, 52, 1, 2),
(29149, 6, 191, 29, 1, 1),
(29150, 7, 2927, 440, 1, 2),
(29151, 8, 2575, 387, 1, 1),
(29152, 9, 1586, 238, 1, 2),
(29153, 10, 1236, 186, 1, 1),
(29154, 11, 1801, 271, 8, 2),
(29155, 12, 1720, 258, 1, 1),
(29156, 13, 1650, 248, 8, 2),
(29157, 14, 1918, 288, 1, 1),
(29158, 15, 1001, 151, 1, 2),
(29159, 16, 3402, 511, 1, 1),
(29160, 17, 5084, 763, 8, 2),
(29161, 10, 1839, 276, 1, 2),
(29162, 11, 1541, 232, 8, 1),
(29163, 12, 5345, 802, 8, 2),
(29164, 13, 3228, 485, 1, 1),
(29165, 14, 1621, 244, 8, 2),
(29166, 15, 1365, 205, 1, 1),
(29167, 16, 1172, 176, 8, 2),
(29168, 17, 1512, 227, 8, 1),
(29169, 18, 1703, 256, 1, 2),
(29170, 9, 3121, 469, 1, 1),
(29171, 9, 1043, 157, 8, 2),
(29172, 11, 3851, 578, 1, 1),
(29173, 11, 4777, 717, 8, 2),
(29174, 13, 2724, 409, 1, 1),
(29175, 13, 3041, 457, 8, 2),
(29176, 9, 1123, 169, 1, 1),
(29177, 9, 1753, 263, 8, 2),
(29178, 8, 193, 29, 1, 2),
(29179, 9, 1024, 154, 1, 1),
(29180, 10, 1732, 260, 1, 2),
(29181, 11, 3930, 590, 8, 1),
(29182, 12, 2907, 436, 1, 2),
(29183, 13, 2720, 409, 8, 1),
(29184, 14, 5314, 798, 8, 2),
(29185, 15, 4404, 661, 1, 1),
(29186, 18, 1088, 164, 8, 1),
(29187, 18, 1639, 246, 1, 2),
(29188, 12, 512, 77, 1, 1),
(29189, 13, 632, 95, 1, 2),
(29190, 18, 3905, 586, 1, 1),
(29191, 18, 3646, 547, 8, 2),
(29192, 9, 409, 62, 1, 2),
(29193, 10, 3960, 594, 1, 1),
(29194, 11, 1219, 183, 8, 2),
(29195, 12, 1241, 187, 8, 1),
(29196, 13, 1690, 254, 1, 2),
(29197, 14, 1859, 279, 1, 1),
(29198, 15, 1949, 293, 1, 2),
(29199, 16, 1068, 161, 8, 1),
(29200, 17, 1427, 215, 8, 2),
(29201, 18, 944, 142, 1, 1),
(29202, 7, 785, 118, 1, 1),
(29203, 7, 1097, 165, 8, 2),
(29204, 9, 1282, 193, 8, 1),
(29205, 9, 1132, 170, 1, 2),
(29206, 11, 2003, 301, 8, 1),
(29207, 11, 1626, 244, 1, 2),
(29208, 13, 1333, 200, 1, 1),
(29209, 13, 2059, 309, 8, 2),
(29210, 15, 1633, 245, 8, 1),
(29211, 15, 1579, 237, 1, 2),
(29212, 17, 2010, 302, 1, 1),
(29213, 17, 888, 134, 8, 2),
(29214, 8, 738, 111, 1, 1),
(29215, 9, 1880, 282, 1, 2),
(29216, 13, 574, 87, 1, 1),
(29217, 13, 845, 127, 8, 2),
(29218, 15, 1494, 225, 1, 1),
(29219, 15, 2084, 313, 8, 2),
(29220, 17, 3372, 506, 1, 1),
(29221, 17, 3189, 479, 8, 2),
(29222, 8, 761, 115, 8, 1),
(29223, 8, 995, 150, 1, 2),
(29224, 10, 776, 117, 8, 1),
(29225, 10, 378, 57, 1, 2),
(29226, 12, 4801, 721, 8, 1),
(29227, 12, 2652, 398, 1, 2),
(29228, 8, 2287, 344, 8, 1),
(29229, 8, 50, 8, 1, 2),
(29230, 10, 3655, 549, 8, 1),
(29231, 10, 4640, 697, 1, 2),
(29232, 12, 5058, 759, 8, 1),
(29233, 12, 3598, 540, 1, 2),
(29234, 14, 5051, 758, 8, 1),
(29235, 14, 4686, 703, 1, 2),
(29236, 16, 1212, 182, 8, 1),
(29237, 16, 1791, 269, 1, 2),
(29238, 5, 202, 31, 8, 2),
(29239, 10, 2965, 445, 8, 1),
(29240, 10, 3749, 563, 1, 2),
(29241, 12, 1692, 254, 1, 1),
(29242, 12, 970, 146, 8, 2),
(29243, 14, 1281, 193, 1, 1),
(29244, 14, 874, 132, 8, 2),
(29245, 17, 686, 103, 8, 1),
(29246, 17, 1266, 190, 1, 2),
(29247, 9, 1551, 233, 8, 1),
(29248, 9, 1103, 166, 1, 2),
(29249, 11, 4834, 726, 8, 1),
(29250, 11, 5308, 797, 1, 2),
(29251, 13, 4160, 625, 1, 1),
(29252, 13, 3680, 553, 8, 2),
(29253, 17, 774, 117, 8, 1),
(29254, 17, 1566, 235, 1, 2),
(29255, 8, 642, 97, 1, 1),
(29256, 8, 1024, 154, 8, 2),
(29257, 10, 2554, 384, 1, 1),
(29258, 10, 4175, 627, 8, 2),
(29259, 12, 2972, 446, 1, 1),
(29260, 12, 3708, 557, 8, 2),
(29261, 14, 3321, 499, 8, 1),
(29262, 14, 5282, 793, 1, 2),
(29263, 8, 830, 125, 8, 1),
(29264, 8, 389, 59, 1, 2),
(29265, 10, 1654, 249, 8, 1),
(29266, 10, 716, 108, 1, 2),
(29267, 12, 1084, 163, 1, 1),
(29268, 12, 1832, 275, 8, 2),
(29269, 14, 3874, 582, 1, 1),
(29270, 14, 4091, 614, 8, 2),
(29271, 16, 3830, 575, 8, 1),
(29272, 16, 4626, 694, 1, 2),
(29273, 18, 3338, 501, 8, 1),
(29274, 18, 3738, 561, 1, 2),
(29275, 12, 2646, 397, 8, 2),
(29276, 13, 4054, 609, 1, 1),
(29277, 14, 3264, 490, 8, 2),
(29278, 15, 4596, 690, 1, 1),
(29279, 7, 833, 125, 1, 1),
(29280, 7, 2953, 443, 8, 2),
(29281, 9, 2665, 400, 1, 1),
(29282, 9, 3582, 538, 8, 2),
(29283, 17, 443, 67, 8, 2),
(29284, 18, 1179, 177, 1, 1),
(29285, 7, 2979, 447, 8, 1),
(29286, 7, 1922, 289, 1, 2),
(29287, 11, 953, 143, 1, 1),
(29288, 11, 111, 17, 8, 2),
(29289, 13, 1071, 161, 1, 1),
(29290, 13, 1553, 233, 8, 2),
(29291, 15, 953, 143, 8, 1),
(29292, 15, 1882, 283, 1, 2),
(29293, 17, 5266, 790, 8, 1),
(29294, 17, 2611, 392, 1, 2),
(29295, 3, 188, 29, 8, 1),
(29296, 5, 353, 53, 1, 1),
(29297, 9, 825, 124, 1, 1),
(29298, 9, 714, 108, 8, 2),
(29299, 11, 1373, 206, 1, 1),
(29300, 11, 1773, 266, 8, 2),
(29301, 13, 1556, 234, 1, 1),
(29302, 13, 1911, 287, 8, 2),
(29303, 15, 4104, 616, 1, 1),
(29304, 15, 4088, 614, 8, 2),
(29305, 7, 1467, 221, 1, 1),
(29306, 7, 4075, 612, 8, 2),
(29307, 11, 415, 63, 1, 1),
(29308, 11, 1165, 175, 8, 2),
(29309, 13, 1502, 226, 1, 1),
(29310, 13, 1240, 186, 8, 2),
(29311, 15, 3966, 595, 8, 1),
(29312, 15, 5338, 801, 1, 2),
(29313, 3, 329, 50, 8, 2),
(29314, 7, 4025, 604, 8, 1),
(29315, 7, 2712, 407, 1, 2),
(29316, 9, 2853, 429, 1, 1),
(29317, 9, 2762, 415, 8, 2),
(29318, 11, 2816, 423, 8, 1),
(29319, 11, 5125, 769, 1, 2),
(29320, 13, 2817, 423, 8, 1),
(29321, 13, 5354, 804, 1, 2),
(29322, 15, 1350, 203, 8, 1),
(29323, 15, 1104, 166, 1, 2),
(29324, 10, 814, 123, 1, 1),
(29325, 10, 879, 132, 8, 2),
(29326, 12, 1872, 281, 1, 1),
(29327, 12, 1722, 259, 8, 2),
(29328, 14, 1827, 275, 8, 1),
(29329, 14, 961, 145, 1, 2),
(29330, 7, 1230, 185, 8, 2),
(29331, 8, 2932, 440, 1, 1),
(29332, 9, 1335, 201, 1, 2),
(29333, 10, 1089, 164, 8, 1),
(29334, 14, 2880, 432, 1, 1),
(29335, 14, 4561, 685, 8, 2),
(29336, 16, 1231, 185, 1, 1),
(29337, 16, 2002, 301, 8, 2),
(29338, 18, 974, 147, 1, 1),
(29339, 18, 1791, 269, 8, 2),
(29340, 7, 1181, 178, 1, 2),
(29341, 16, 2819, 423, 1, 1),
(29342, 16, 1734, 261, 8, 2),
(29343, 18, 3685, 553, 8, 1),
(29344, 18, 3706, 556, 1, 2),
(29345, 7, 496, 75, 8, 2),
(29346, 8, 4933, 740, 1, 1),
(29347, 9, 2548, 383, 8, 2),
(29348, 10, 928, 140, 1, 1),
(29349, 16, 4134, 621, 8, 1),
(29350, 16, 2323, 349, 1, 2),
(29351, 18, 4793, 719, 1, 1),
(29352, 18, 3666, 550, 8, 2),
(29353, 7, 2102, 316, 1, 1),
(29354, 7, 3372, 506, 8, 2),
(29355, 16, 2611, 392, 1, 1),
(29356, 16, 3348, 503, 8, 2),
(29357, 7, 1549, 233, 8, 1),
(29358, 7, 3604, 541, 1, 2),
(29359, 9, 4681, 703, 1, 1),
(29360, 9, 4632, 695, 8, 2),
(29361, 15, 708, 107, 1, 1),
(29362, 15, 1380, 208, 8, 2),
(29363, 17, 1249, 188, 8, 1),
(29364, 17, 1232, 185, 1, 2),
(29365, 7, 473, 71, 1, 1),
(29366, 7, 916, 138, 8, 2),
(29367, 9, 1387, 208, 8, 1),
(29368, 9, 1246, 187, 1, 2),
(29369, 11, 1537, 231, 8, 1),
(29370, 11, 1837, 276, 1, 2),
(29371, 13, 5271, 791, 8, 1),
(29372, 13, 3437, 516, 1, 2),
(29373, 18, 4268, 641, 1, 1),
(29374, 18, 4727, 710, 8, 2),
(29375, 7, 2195, 330, 1, 1),
(29376, 7, 2912, 437, 8, 2),
(29377, 9, 3370, 506, 8, 1),
(29378, 9, 2841, 427, 1, 2),
(29379, 11, 1071, 161, 1, 1),
(29380, 11, 706, 106, 8, 2),
(29381, 13, 1493, 224, 1, 1),
(29382, 13, 1293, 194, 8, 2),
(29383, 15, 2009, 302, 1, 1),
(29384, 15, 1938, 291, 8, 2),
(29385, 17, 854, 129, 1, 1),
(29386, 17, 1876, 282, 8, 2),
(29387, 3, 206, 31, 1, 1),
(29388, 7, 1916, 288, 8, 1),
(29389, 7, 1439, 216, 1, 2),
(29390, 9, 488, 74, 1, 1),
(29391, 9, 1297, 195, 8, 2),
(29392, 11, 1030, 155, 8, 1),
(29393, 11, 1894, 285, 1, 2),
(29394, 13, 1863, 280, 1, 1),
(29395, 13, 1877, 282, 8, 2),
(29396, 15, 1279, 192, 1, 1),
(29397, 15, 1565, 235, 8, 2),
(29398, 17, 1971, 296, 8, 1),
(29399, 17, 1494, 225, 1, 2),
(29400, 7, 2933, 440, 8, 1),
(29401, 7, 4599, 690, 1, 2),
(29402, 9, 4571, 686, 1, 1),
(29403, 9, 3850, 578, 8, 2),
(29404, 16, 1835, 276, 8, 1),
(29405, 16, 1918, 288, 1, 2),
(29406, 18, 4516, 678, 1, 1),
(29407, 18, 4673, 701, 8, 2),
(29408, 7, 2455, 369, 1, 1),
(29409, 7, 2958, 444, 8, 2),
(29410, 9, 460, 70, 8, 1),
(29411, 9, 1236, 186, 1, 2),
(29412, 15, 497, 75, 8, 1),
(29413, 15, 1342, 202, 1, 2),
(29414, 17, 851, 128, 8, 1),
(29415, 17, 1128, 170, 1, 2),
(29416, 12, 941, 142, 8, 1),
(29417, 12, 645, 97, 1, 2),
(29418, 14, 2218, 333, 8, 1),
(29419, 14, 1021, 154, 1, 2),
(29420, 16, 1747, 262, 1, 1),
(29421, 16, 1499, 225, 8, 2),
(29422, 18, 4308, 647, 8, 1),
(29423, 18, 2650, 398, 1, 2),
(29424, 9, 33, 5, 8, 1),
(29425, 9, 45, 7, 1, 2),
(29426, 11, 2913, 437, 1, 1),
(29427, 11, 5567, 835, 8, 2),
(29428, 13, 1931, 290, 1, 1),
(29429, 13, 2099, 315, 8, 2),
(29430, 15, 3861, 580, 1, 1),
(29431, 15, 3633, 545, 8, 2),
(29432, 9, 848, 128, 1, 1),
(29433, 9, 164, 25, 8, 2),
(29434, 11, 3577, 537, 8, 1),
(29435, 11, 4849, 728, 1, 2),
(29436, 7, 1098, 165, 1, 1),
(29437, 7, 1675, 252, 8, 2),
(29438, 10, 1899, 285, 8, 1),
(29439, 10, 3901, 586, 1, 2),
(29440, 12, 4744, 712, 8, 1),
(29441, 12, 4700, 705, 1, 2),
(29442, 16, 1297, 195, 8, 1),
(29443, 16, 1632, 245, 1, 2),
(29444, 18, 1510, 227, 1, 1),
(29445, 18, 1730, 260, 8, 2),
(29446, 7, 381, 58, 8, 1),
(29447, 7, 149, 23, 1, 2),
(29448, 9, 1531, 230, 1, 1),
(29449, 9, 1198, 180, 8, 2),
(29450, 11, 2087, 314, 8, 1),
(29451, 11, 1135, 171, 1, 2),
(29452, 13, 4845, 727, 8, 1),
(29453, 13, 5051, 758, 1, 2),
(29454, 9, 1874, 282, 8, 1),
(29455, 9, 1590, 239, 1, 2),
(29456, 11, 1357, 204, 1, 1),
(29457, 11, 1375, 207, 8, 2),
(29458, 13, 1502, 226, 8, 1),
(29459, 13, 1158, 174, 1, 2),
(29460, 16, 2990, 449, 1, 1),
(29461, 16, 4044, 607, 8, 2),
(29462, 18, 3099, 465, 1, 1),
(29463, 18, 2719, 408, 8, 2),
(29464, 3, 294, 45, 1, 1),
(29465, 3, 374, 57, 8, 2),
(29466, 5, 329, 50, 1, 1),
(29467, 5, 472, 71, 8, 2),
(29468, 7, 4876, 732, 8, 1),
(29469, 7, 3522, 529, 1, 2),
(29470, 11, 2282, 343, 1, 1),
(29471, 11, 3635, 546, 8, 2),
(29472, 16, 1218, 183, 8, 1),
(29473, 16, 1084, 163, 1, 2),
(29474, 18, 1402, 211, 8, 1),
(29475, 18, 1191, 179, 1, 2),
(29476, 10, 2160, 324, 8, 1),
(29477, 10, 846, 127, 1, 2),
(29478, 12, 1400, 210, 1, 1),
(29479, 12, 1084, 163, 8, 2),
(29480, 14, 1955, 294, 1, 1),
(29481, 14, 1604, 241, 8, 2),
(29482, 16, 2610, 392, 8, 1),
(29483, 16, 3936, 591, 1, 2),
(29484, 18, 2576, 387, 1, 1),
(29485, 18, 4285, 643, 8, 2),
(29486, 5, 3, 1, 1, 2),
(29487, 7, 4692, 704, 1, 1),
(29488, 7, 5248, 788, 8, 2),
(29489, 9, 3253, 488, 8, 1),
(29490, 9, 3398, 510, 1, 2),
(29491, 11, 2998, 450, 1, 1),
(29492, 11, 3756, 564, 8, 2),
(29493, 13, 1254, 189, 8, 1),
(29494, 13, 1620, 243, 1, 2),
(29495, 17, 973, 146, 8, 1),
(29496, 17, 784, 118, 1, 2),
(29497, 8, 1094, 165, 8, 1),
(29498, 8, 125, 19, 1, 2),
(29499, 10, 2848, 428, 8, 1),
(29500, 10, 3749, 563, 1, 2),
(29501, 13, 3906, 586, 1, 1),
(29502, 13, 3332, 500, 8, 2),
(29503, 15, 2988, 449, 8, 1),
(29504, 15, 3159, 474, 1, 2),
(29505, 7, 757, 114, 1, 1),
(29506, 7, 1525, 229, 8, 2),
(29507, 9, 4951, 743, 8, 1),
(29508, 9, 4507, 677, 1, 2),
(29509, 11, 1570, 236, 1, 1),
(29510, 11, 1310, 197, 8, 2),
(29511, 13, 4144, 622, 8, 1),
(29512, 13, 5034, 756, 1, 2),
(29513, 15, 1045, 157, 1, 1),
(29514, 15, 1457, 219, 8, 2),
(29515, 17, 4040, 607, 8, 1),
(29516, 17, 5127, 770, 1, 2),
(29517, 10, 1695, 255, 8, 1),
(29518, 10, 1698, 255, 1, 2),
(29519, 12, 1348, 203, 1, 1),
(29520, 12, 900, 136, 8, 2),
(29521, 14, 1628, 245, 8, 1),
(29522, 14, 877, 132, 1, 2),
(29523, 17, 1730, 260, 8, 1),
(29524, 17, 972, 146, 1, 2),
(29525, 5, 0, 1, 1, 2),
(29526, 9, 3795, 570, 1, 1),
(29527, 9, 2175, 327, 8, 2),
(29528, 11, 4030, 605, 1, 1),
(29529, 11, 4572, 686, 8, 2),
(29530, 13, 874, 132, 1, 1),
(29531, 13, 1589, 239, 8, 2),
(29532, 7, 2634, 396, 1, 1),
(29533, 7, 2477, 372, 8, 2),
(29534, 9, 3468, 521, 1, 1),
(29535, 9, 3844, 577, 8, 2),
(29536, 11, 3046, 457, 8, 1),
(29537, 11, 3295, 495, 1, 2),
(29538, 13, 3309, 497, 1, 1),
(29539, 13, 4359, 654, 8, 2),
(29540, 15, 3338, 501, 8, 1),
(29541, 15, 2528, 380, 1, 2),
(29542, 17, 3110, 467, 1, 1),
(29543, 17, 2348, 353, 8, 2),
(29544, 7, 3445, 517, 1, 1),
(29545, 7, 1501, 226, 8, 2),
(29546, 9, 2042, 307, 8, 1),
(29547, 9, 2070, 311, 1, 2),
(29548, 11, 5215, 783, 1, 1),
(29549, 11, 2451, 368, 8, 2),
(29550, 13, 1998, 300, 8, 1),
(29551, 13, 1281, 193, 1, 2),
(29552, 17, 4476, 672, 1, 1),
(29553, 17, 3667, 551, 8, 2),
(29554, 6, 44, 7, 8, 2),
(29555, 7, 1566, 235, 8, 1),
(29556, 8, 1245, 187, 1, 2),
(29557, 12, 2466, 370, 8, 1),
(29558, 12, 3103, 466, 1, 2),
(29559, 14, 1798, 270, 1, 1),
(29560, 14, 1777, 267, 8, 2),
(29561, 16, 1857, 279, 8, 1),
(29562, 16, 1125, 169, 1, 2),
(29563, 18, 3139, 471, 8, 1),
(29564, 18, 4481, 673, 1, 2),
(29565, 9, 632, 95, 1, 1),
(29566, 9, 1371, 206, 8, 2),
(29567, 15, 78, 12, 1, 1),
(29568, 16, 1250, 188, 1, 2),
(29569, 17, 931, 140, 1, 1),
(29570, 8, 1478, 222, 8, 1),
(29571, 8, 1642, 247, 1, 2),
(29572, 10, 5044, 757, 8, 1),
(29573, 10, 5009, 752, 1, 2),
(29574, 12, 5350, 803, 8, 1),
(29575, 12, 4127, 619, 1, 2),
(29576, 14, 1088, 164, 1, 1),
(29577, 14, 1087, 164, 8, 2),
(29578, 16, 1596, 240, 1, 1),
(29579, 16, 1710, 257, 8, 2),
(29580, 18, 4393, 659, 8, 1),
(29581, 18, 3453, 518, 1, 2),
(29582, 8, 780, 118, 1, 1),
(29583, 8, 1311, 197, 8, 2),
(29584, 10, 1106, 166, 8, 1),
(29585, 10, 554, 84, 1, 2),
(29586, 12, 4848, 728, 8, 1),
(29587, 12, 4272, 641, 1, 2),
(29588, 14, 5224, 784, 1, 1),
(29589, 14, 5472, 821, 8, 2),
(29590, 18, 1575, 237, 8, 1),
(29591, 18, 1330, 200, 1, 2),
(29592, 6, 162, 25, 8, 2),
(29593, 7, 2733, 410, 8, 1),
(29594, 8, 2916, 438, 8, 2),
(29595, 9, 3210, 482, 1, 1),
(29596, 10, 874, 132, 8, 2),
(29597, 11, 889, 134, 1, 1),
(29598, 12, 5190, 779, 8, 2),
(29599, 13, 4646, 697, 1, 1),
(29600, 14, 2943, 442, 8, 2),
(29601, 15, 1122, 169, 1, 1),
(29602, 16, 1081, 163, 8, 2),
(29603, 3, 56, 9, 1, 2),
(29604, 6, 220, 34, 8, 2),
(29605, 7, 4467, 671, 1, 1),
(29606, 8, 2881, 433, 1, 2),
(29607, 9, 3198, 480, 8, 1),
(29608, 10, 1330, 200, 1, 2),
(29609, 11, 1155, 174, 8, 1),
(29610, 12, 959, 144, 8, 2),
(29611, 13, 4860, 730, 1, 1),
(29612, 14, 4710, 707, 8, 2),
(29613, 18, 2910, 437, 8, 1),
(29614, 18, 2195, 330, 1, 2),
(29615, 11, 2533, 380, 8, 1),
(29616, 11, 1308, 197, 1, 2),
(29617, 13, 4083, 613, 1, 1),
(29618, 13, 4120, 618, 8, 2),
(29619, 15, 1331, 200, 1, 1),
(29620, 15, 1401, 211, 8, 2),
(29621, 17, 1870, 281, 1, 1),
(29622, 17, 1386, 208, 8, 2),
(29623, 13, 609, 92, 8, 1),
(29624, 13, 1549, 233, 1, 2),
(29625, 15, 1496, 225, 8, 1),
(29626, 15, 1223, 184, 1, 2),
(29627, 18, 603, 91, 1, 1),
(29628, 18, 855, 129, 8, 2),
(29629, 7, 2701, 406, 1, 1),
(29630, 7, 2327, 350, 8, 2),
(29631, 9, 1426, 214, 8, 1),
(29632, 9, 528, 80, 1, 2),
(29633, 11, 1569, 236, 1, 1),
(29634, 11, 1484, 223, 8, 2),
(29635, 13, 1712, 257, 8, 1),
(29636, 13, 832, 125, 1, 2),
(29637, 15, 4988, 749, 8, 1),
(29638, 15, 5550, 833, 1, 2),
(29639, 8, 341, 52, 1, 1),
(29640, 8, 931, 140, 8, 2),
(29641, 16, 413, 63, 8, 2),
(29642, 17, 918, 138, 8, 1),
(29643, 18, 1749, 263, 8, 2),
(29644, 9, 659, 99, 8, 1),
(29645, 10, 1753, 264, 8, 2),
(29646, 11, 4974, 747, 8, 1),
(29647, 12, 3128, 470, 1, 2),
(29648, 13, 4842, 727, 8, 1),
(29649, 9, 40, 6, 1, 1),
(29650, 10, 1534, 231, 1, 2),
(29651, 13, 952, 143, 8, 1),
(29652, 13, 2008, 302, 1, 2),
(29653, 15, 1553, 234, 1, 1),
(29654, 15, 1870, 281, 8, 2),
(29655, 17, 2058, 309, 1, 1),
(29656, 17, 1195, 180, 8, 2),
(29657, 10, 1603, 241, 1, 1),
(29658, 10, 175, 27, 8, 2),
(29659, 12, 1823, 274, 8, 1),
(29660, 12, 1638, 246, 1, 2),
(29661, 14, 1550, 233, 1, 1),
(29662, 14, 2051, 308, 8, 2),
(29663, 16, 1898, 285, 1, 1),
(29664, 16, 1309, 197, 8, 2),
(29665, 18, 3888, 584, 1, 1),
(29666, 18, 5002, 751, 8, 2),
(29667, 18, 2535, 381, 1, 1),
(29668, 18, 917, 138, 8, 2),
(29669, 7, 429, 65, 8, 1),
(29670, 7, 349, 53, 1, 2),
(29671, 9, 2370, 356, 1, 1),
(29672, 9, 4772, 716, 8, 2),
(29673, 15, 3182, 478, 1, 1),
(29674, 15, 1851, 278, 8, 2),
(29675, 17, 3579, 537, 1, 1),
(29676, 17, 4265, 640, 8, 2),
(29677, 4, 144, 22, 8, 2),
(29678, 6, 152, 23, 8, 1),
(29679, 6, 51, 8, 1, 2),
(29680, 8, 1083, 163, 1, 1),
(29681, 8, 580, 87, 8, 2),
(29682, 10, 3637, 546, 8, 1),
(29683, 10, 3246, 487, 1, 2),
(29684, 14, 1373, 206, 1, 1),
(29685, 14, 1095, 165, 8, 2),
(29686, 16, 2402, 361, 1, 1),
(29687, 16, 4700, 705, 8, 2),
(29688, 18, 1971, 296, 1, 1),
(29689, 18, 1367, 206, 8, 2),
(29690, 7, 112, 17, 1, 2),
(29691, 8, 3833, 575, 8, 1),
(29692, 9, 3602, 541, 1, 2),
(29693, 13, 1291, 194, 8, 1),
(29694, 13, 1225, 184, 1, 2),
(29695, 16, 940, 141, 1, 1),
(29696, 16, 1429, 215, 8, 2),
(29697, 7, 410, 62, 8, 1),
(29698, 7, 292, 44, 1, 2),
(29699, 9, 1114, 168, 8, 1),
(29700, 9, 486, 73, 1, 2),
(29701, 13, 3887, 584, 8, 1),
(29702, 13, 4487, 674, 1, 2),
(29703, 15, 4758, 714, 8, 1),
(29704, 15, 4786, 718, 1, 2),
(29705, 7, 501, 76, 8, 1),
(29706, 7, 3193, 479, 1, 2),
(29707, 9, 1973, 296, 1, 1),
(29708, 9, 4558, 684, 8, 2),
(29709, 11, 5249, 788, 1, 1),
(29710, 11, 4464, 670, 8, 2),
(29711, 13, 3532, 530, 8, 1),
(29712, 13, 3024, 454, 1, 2),
(29713, 15, 3166, 475, 8, 1),
(29714, 15, 2370, 356, 1, 2),
(29715, 17, 1295, 195, 1, 1),
(29716, 17, 1933, 290, 8, 2),
(29717, 20, 5, 1, 1, 2),
(29718, 5, 306, 46, 1, 1),
(29719, 5, 248, 38, 8, 2),
(29720, 8, 619, 93, 1, 1),
(29721, 8, 1337, 201, 8, 2),
(29722, 10, 1156, 174, 1, 1),
(29723, 10, 1678, 252, 8, 2),
(29724, 12, 2661, 400, 8, 1),
(29725, 12, 4434, 666, 1, 2),
(29726, 14, 1354, 204, 1, 1),
(29727, 14, 1011, 152, 8, 2),
(29728, 7, 904, 136, 1, 1),
(29729, 7, 185, 28, 8, 2),
(29730, 9, 4075, 612, 1, 1),
(29731, 9, 3113, 467, 8, 2),
(29732, 11, 3063, 460, 1, 1),
(29733, 11, 3199, 480, 8, 2),
(29734, 13, 1391, 209, 1, 1),
(29735, 13, 1682, 253, 8, 2),
(29736, 15, 3667, 551, 8, 1),
(29737, 15, 2850, 428, 1, 2),
(29738, 12, 3570, 536, 8, 1),
(29739, 12, 4589, 689, 1, 2),
(29740, 16, 2210, 332, 1, 1),
(29741, 16, 4405, 661, 8, 2),
(29742, 18, 1772, 266, 8, 1),
(29743, 18, 1842, 277, 1, 2),
(29744, 7, 5000, 751, 1, 1),
(29745, 7, 3601, 541, 8, 2),
(29746, 10, 2301, 346, 8, 1),
(29747, 10, 4445, 667, 1, 2),
(29748, 12, 1792, 269, 8, 1),
(29749, 12, 1057, 159, 1, 2),
(29750, 14, 1475, 222, 8, 1),
(29751, 14, 1015, 153, 1, 2),
(29752, 16, 3257, 489, 8, 1),
(29753, 16, 3219, 483, 1, 2),
(29754, 18, 5242, 787, 1, 1),
(29755, 18, 3266, 490, 8, 2),
(29756, 7, 1439, 216, 8, 1),
(29757, 7, 1317, 198, 1, 2),
(29758, 9, 4019, 603, 1, 1),
(29759, 9, 2898, 435, 8, 2),
(29760, 11, 1495, 225, 1, 1),
(29761, 11, 1641, 247, 8, 2),
(29762, 13, 4017, 603, 8, 1),
(29763, 13, 2584, 388, 1, 2),
(29764, 15, 3647, 548, 8, 1),
(29765, 15, 2745, 412, 1, 2),
(29766, 8, 612, 92, 1, 1),
(29767, 8, 1202, 181, 8, 2),
(29768, 12, 883, 133, 1, 1),
(29769, 12, 831, 125, 8, 2),
(29770, 14, 1987, 299, 1, 1),
(29771, 14, 1406, 211, 8, 2),
(29772, 7, 30, 5, 8, 1),
(29773, 7, 531, 80, 1, 2),
(29774, 9, 3938, 591, 1, 1),
(29775, 9, 3526, 529, 8, 2),
(29776, 13, 441, 67, 1, 1),
(29777, 13, 713, 107, 8, 2),
(29778, 15, 1143, 172, 1, 1),
(29779, 15, 1842, 277, 8, 2),
(29780, 18, 1138, 171, 8, 1),
(29781, 18, 886, 133, 1, 2),
(29782, 5, 71, 11, 1, 2),
(29783, 6, 148, 23, 8, 1),
(29784, 7, 1270, 191, 1, 2),
(29785, 8, 853, 129, 1, 1),
(29786, 9, 1391, 209, 1, 2),
(29787, 12, 4333, 650, 1, 1),
(29788, 12, 4051, 608, 8, 2),
(29789, 14, 1293, 194, 8, 1),
(29790, 14, 904, 136, 1, 2),
(29791, 16, 4948, 743, 1, 1),
(29792, 16, 4650, 698, 8, 2),
(29793, 18, 3541, 532, 8, 1),
(29794, 18, 3734, 561, 1, 2),
(29795, 17, 777, 117, 8, 1),
(29796, 17, 2005, 301, 1, 2),
(29797, 12, 2673, 401, 8, 1),
(29798, 12, 4304, 646, 1, 2),
(29799, 14, 4699, 705, 1, 1),
(29800, 14, 2955, 444, 8, 2),
(29801, 16, 2521, 379, 1, 1),
(29802, 16, 2701, 406, 8, 2),
(29803, 9, 554, 84, 8, 2),
(29804, 10, 1419, 213, 1, 1),
(29805, 11, 3691, 554, 1, 2),
(29806, 12, 2734, 411, 8, 1),
(29807, 13, 4667, 701, 1, 2),
(29808, 14, 5266, 790, 8, 1),
(29809, 15, 2790, 419, 1, 2),
(29810, 16, 1302, 196, 8, 1),
(29811, 17, 975, 147, 1, 2),
(29812, 18, 1673, 251, 1, 1),
(29813, 7, 2936, 441, 1, 1),
(29814, 7, 2127, 319, 8, 2),
(29815, 9, 978, 147, 1, 1),
(29816, 9, 1111, 167, 8, 2),
(29817, 11, 1465, 220, 1, 1),
(29818, 11, 1031, 155, 8, 2),
(29819, 13, 4164, 625, 8, 1),
(29820, 13, 3354, 504, 1, 2),
(29821, 15, 1198, 180, 8, 1),
(29822, 15, 1182, 178, 1, 2),
(29823, 17, 5340, 801, 1, 1),
(29824, 17, 3488, 524, 8, 2),
(29825, 4, 83, 13, 8, 2),
(29826, 6, 9, 2, 1, 1),
(29827, 6, 421, 64, 8, 2),
(29828, 8, 1050, 158, 1, 1),
(29829, 8, 1590, 239, 8, 2),
(29830, 12, 206, 31, 1, 1),
(29831, 12, 61, 10, 8, 2),
(29832, 14, 1330, 200, 1, 1),
(29833, 14, 1062, 160, 8, 2),
(29834, 17, 2977, 447, 8, 1),
(29835, 17, 3841, 577, 1, 2),
(29836, 12, 520, 79, 8, 1),
(29837, 12, 569, 86, 1, 2),
(29838, 14, 3403, 511, 8, 1),
(29839, 14, 5289, 794, 1, 2),
(29840, 16, 4505, 676, 8, 1),
(29841, 16, 5230, 785, 1, 2),
(29842, 18, 5273, 791, 8, 1),
(29843, 18, 2910, 437, 1, 2),
(29844, 7, 1620, 243, 1, 1),
(29845, 7, 1637, 246, 8, 2),
(29846, 9, 3894, 585, 1, 1),
(29847, 9, 2880, 432, 8, 2),
(29848, 11, 1419, 213, 8, 1),
(29849, 11, 831, 125, 1, 2),
(29850, 17, 816, 123, 1, 1),
(29851, 17, 1201, 181, 8, 2),
(29852, 9, 658, 99, 1, 1),
(29853, 9, 2900, 435, 8, 2),
(29854, 11, 4472, 671, 1, 1),
(29855, 11, 2560, 384, 8, 2),
(29856, 13, 1816, 273, 8, 1),
(29857, 13, 2041, 307, 1, 2),
(29858, 17, 367, 56, 8, 1),
(29859, 17, 1211, 182, 1, 2),
(29860, 7, 3297, 495, 1, 1),
(29861, 7, 4779, 717, 8, 2),
(29862, 9, 936, 141, 1, 1),
(29863, 9, 773, 116, 8, 2),
(29864, 13, 5179, 777, 8, 1),
(29865, 13, 2726, 409, 1, 2),
(29866, 15, 4419, 663, 1, 1),
(29867, 15, 4648, 698, 8, 2),
(29868, 17, 2928, 440, 1, 1),
(29869, 17, 4026, 604, 8, 2),
(29870, 7, 2509, 377, 8, 1),
(29871, 7, 2859, 429, 1, 2),
(29872, 9, 4397, 660, 1, 1),
(29873, 9, 2448, 368, 8, 2),
(29874, 11, 794, 120, 8, 1),
(29875, 11, 1189, 179, 1, 2),
(29876, 13, 3704, 556, 8, 1),
(29877, 13, 2608, 392, 1, 2),
(29878, 15, 4034, 606, 8, 1),
(29879, 15, 2878, 432, 1, 2),
(29880, 9, 2284, 343, 1, 1),
(29881, 9, 1512, 227, 8, 2),
(29882, 14, 3343, 502, 1, 1),
(29883, 14, 3796, 570, 8, 2),
(29884, 16, 4066, 610, 8, 1),
(29885, 16, 5057, 759, 1, 2),
(29886, 18, 4811, 722, 8, 1),
(29887, 18, 4334, 651, 1, 2),
(29888, 4, 135, 21, 1, 1),
(29889, 5, 334, 51, 8, 2),
(29890, 9, 3925, 589, 8, 1),
(29891, 9, 3468, 521, 1, 2),
(29892, 18, 1811, 272, 8, 1),
(29893, 18, 1706, 256, 1, 2),
(29894, 4, 254, 39, 1, 2),
(29895, 8, 4408, 662, 1, 1),
(29896, 8, 4039, 606, 8, 2),
(29897, 10, 1061, 160, 8, 1),
(29898, 10, 1436, 216, 1, 2),
(29899, 12, 1418, 213, 1, 1),
(29900, 12, 1299, 195, 8, 2),
(29901, 14, 1795, 270, 8, 1),
(29902, 14, 1783, 268, 1, 2),
(29903, 7, 1065, 160, 8, 1),
(29904, 7, 6, 1, 1, 2),
(29905, 11, 3478, 522, 1, 1),
(29906, 11, 4075, 612, 8, 2),
(29907, 13, 1820, 274, 8, 1),
(29908, 13, 1256, 189, 1, 2),
(29909, 15, 1108, 167, 8, 1),
(29910, 15, 1839, 276, 1, 2),
(29911, 17, 1954, 294, 1, 1),
(29912, 17, 1635, 246, 8, 2),
(29913, 6, 172, 26, 1, 1),
(29914, 6, 365, 55, 8, 2),
(29915, 8, 1343, 202, 1, 1),
(29916, 8, 1465, 220, 8, 2),
(29917, 13, 2032, 305, 8, 1),
(29918, 13, 3366, 505, 1, 2),
(29919, 7, 2842, 427, 1, 1),
(29920, 7, 3315, 498, 8, 2),
(29921, 9, 3897, 585, 1, 1),
(29922, 9, 2265, 340, 8, 2),
(29923, 11, 3850, 578, 8, 1),
(29924, 11, 3276, 492, 1, 2),
(29925, 13, 3471, 521, 8, 1),
(29926, 13, 4491, 674, 1, 2),
(29927, 17, 2380, 357, 1, 1),
(29928, 17, 4842, 727, 8, 2),
(29929, 8, 1733, 261, 8, 1),
(29930, 8, 2805, 421, 1, 2),
(29931, 10, 4593, 689, 8, 1),
(29932, 10, 4548, 683, 1, 2),
(29933, 12, 1034, 156, 8, 1),
(29934, 12, 1156, 174, 1, 2),
(29935, 14, 1480, 222, 8, 1),
(29936, 14, 2088, 314, 1, 2),
(29937, 16, 2077, 312, 8, 1),
(29938, 16, 2223, 334, 1, 2),
(29939, 18, 934, 141, 8, 1),
(29940, 18, 902, 136, 1, 2),
(29941, 7, 3590, 539, 1, 1),
(29942, 7, 3385, 508, 8, 2),
(29943, 10, 672, 101, 1, 1),
(29944, 10, 1379, 207, 8, 2),
(29945, 12, 1070, 161, 8, 1),
(29946, 12, 1079, 162, 1, 2),
(29947, 14, 1448, 218, 8, 1),
(29948, 14, 1734, 261, 1, 2),
(29949, 16, 4236, 636, 1, 1),
(29950, 16, 3732, 560, 8, 2),
(29951, 18, 1073, 161, 1, 1),
(29952, 18, 1221, 184, 8, 2),
(29953, 7, 3030, 455, 1, 1),
(29954, 7, 2943, 442, 8, 2),
(29955, 9, 4573, 687, 1, 1),
(29956, 9, 2413, 362, 8, 2),
(29957, 12, 3732, 560, 1, 1),
(29958, 12, 3484, 523, 8, 2),
(29959, 14, 3987, 599, 8, 1),
(29960, 14, 5349, 803, 1, 2),
(29961, 16, 3405, 511, 8, 1),
(29962, 16, 3921, 589, 1, 2),
(29963, 7, 203, 31, 8, 1),
(29964, 9, 3194, 480, 1, 1),
(29965, 9, 4100, 616, 8, 2),
(29966, 11, 3339, 501, 1, 1),
(29967, 11, 3817, 573, 8, 2),
(29968, 13, 4813, 722, 1, 1),
(29969, 13, 3679, 552, 8, 2),
(29970, 15, 2741, 412, 8, 1),
(29971, 15, 3845, 577, 1, 2),
(29972, 17, 4537, 681, 1, 1),
(29973, 17, 2663, 400, 8, 2),
(29974, 12, 844, 127, 8, 1),
(29975, 12, 2291, 344, 1, 2),
(29976, 14, 2531, 380, 8, 1),
(29977, 14, 3814, 573, 1, 2),
(29978, 16, 756, 114, 1, 1),
(29979, 16, 2083, 313, 8, 2),
(29980, 18, 1515, 228, 1, 1),
(29981, 18, 1540, 232, 8, 2),
(29982, 7, 785, 118, 1, 1),
(29983, 7, 887, 134, 8, 2),
(29984, 9, 528, 80, 1, 1),
(29985, 9, 1197, 180, 8, 2),
(29986, 11, 1114, 168, 8, 1),
(29987, 11, 1633, 245, 1, 2),
(29988, 13, 1016, 153, 1, 1);

-- --------------------------------------------------------

--
-- Struttura della tabella `transaction_seq`
--

CREATE TABLE `transaction_seq` (
  `next_val` bigint DEFAULT NULL
) ENGINE=InnoDB DEFAULT CHARSET=latin1;

--
-- Dump dei dati per la tabella `transaction_seq`
--

INSERT INTO `transaction_seq` (`next_val`) VALUES
(30051);

--
-- Indici per le tabelle scaricate
--

--
-- Indici per le tabelle `buyers`
--
ALTER TABLE `buyers`
  ADD PRIMARY KEY (`id`);

--
-- Indici per le tabelle `sellers`
--
ALTER TABLE `sellers`
  ADD PRIMARY KEY (`id`),
  ADD UNIQUE KEY `email_UNIQUE` (`email`);

--
-- Indici per le tabelle `solarpanel`
--
ALTER TABLE `solarpanel`
  ADD PRIMARY KEY (`id`);

--
-- Indici per le tabelle `transaction`
--
ALTER TABLE `transaction`
  ADD PRIMARY KEY (`id`);

--
-- AUTO_INCREMENT per le tabelle scaricate
--

--
-- AUTO_INCREMENT per la tabella `buyers`
--
ALTER TABLE `buyers`
  MODIFY `id` int NOT NULL AUTO_INCREMENT, AUTO_INCREMENT=9;

--
-- AUTO_INCREMENT per la tabella `sellers`
--
ALTER TABLE `sellers`
  MODIFY `id` int NOT NULL AUTO_INCREMENT, AUTO_INCREMENT=6;

--
-- AUTO_INCREMENT per la tabella `solarpanel`
--
ALTER TABLE `solarpanel`
  MODIFY `id` int NOT NULL AUTO_INCREMENT;

--
-- Limiti per le tabelle scaricate
--

--
-- Limiti per la tabella `solarpanel`
--
ALTER TABLE `solarpanel`
  ADD CONSTRAINT `Solar Panel foreign key` FOREIGN KEY (`id`) REFERENCES `sellers` (`id`);
COMMIT;

/*!40101 SET CHARACTER_SET_CLIENT=@OLD_CHARACTER_SET_CLIENT */;
/*!40101 SET CHARACTER_SET_RESULTS=@OLD_CHARACTER_SET_RESULTS */;
/*!40101 SET COLLATION_CONNECTION=@OLD_COLLATION_CONNECTION */;
